company_id,year,cfo_sign,cfi_sign,cff_sign,pattern_label
ABB,2012-12,+,-,-,Reinvestor
ABB,2014-03,+,+,+,Asset Liquidation & Capital Inflow
ABB,2015-03,-,-,+,High Growth / CapEx External Funding
ABB,2016-03,+,-,-,Shareholder Returns
ABB,2017-03,+,-,-,Shareholder Returns
ABB,2018-03,+,-,+,Expansion via External Capital
ABB,2019-03,+,-,+,Expansion via External Capital
ABB,2020-03,+,-,+,Expansion via External Capital
ABB,2021-03,+,-,-,Shareholder Returns
ABB,2022-03,+,-,-,Shareholder Returns
ABB,2023-03,+,-,+,Expansion via External Capital
ABB,2024-03,+,-,-,Shareholder Returns
ABB,2024-09,-,-,-,Severe Cash Distress
ADANIENSOL,2014-03,+,+,+,Asset Liquidation & Capital Inflow
ADANIENSOL,2015-03,-,-,+,High Growth / CapEx External Funding
ADANIENSOL,2016-03,+,-,-,Shareholder Returns
ADANIENSOL,2017-03,+,-,-,Shareholder Returns
ADANIENSOL,2018-03,+,-,+,Expansion via External Capital
ADANIENSOL,2019-03,+,-,+,Expansion via External Capital
ADANIENSOL,2020-03,+,-,+,Expansion via External Capital
ADANIENSOL,2021-03,+,-,-,Shareholder Returns
ADANIENSOL,2022-03,+,-,-,Shareholder Returns
ADANIENSOL,2023-03,+,-,+,Expansion via External Capital
ADANIENSOL,2024-03,+,-,-,Shareholder Returns
ADANIENSOL,2024-09,-,-,-,Severe Cash Distress
ADANIENT,2013-03,+,-,+,Expansion via External Capital
ADANIENT,2014-03,+,-,-,Shareholder Returns
ADANIENT,2015-03,+,-,+,Expansion via External Capital
ADANIENT,2016-03,+,-,-,Shareholder Returns
ADANIENT,2017-03,+,-,+,Expansion via External Capital
ADANIENT,2018-03,+,-,+,Expansion via External Capital
ADANIENT,2019-03,+,+,-,Asset Divestment & Debt Repayment
ADANIENT,2020-03,+,-,-,Shareholder Returns
ADANIENT,2021-03,+,-,+,Expansion via External Capital
ADANIENT,2022-03,+,-,+,Expansion via External Capital
ADANIENT,2023-03,+,-,-,Shareholder Returns
ADANIENT,2024-03,+,-,+,Expansion via External Capital
ADANIENT,2024-09,-,-,-,Severe Cash Distress
ADANIGREEN,2017-03,+,-,+,Expansion via External Capital
ADANIGREEN,2018-03,+,-,+,Expansion via External Capital
ADANIGREEN,2019-03,+,-,+,Expansion via External Capital
ADANIGREEN,2020-03,+,-,+,Expansion via External Capital
ADANIGREEN,2021-03,+,-,+,Expansion via External Capital
ADANIGREEN,2022-03,+,-,+,Expansion via External Capital
ADANIGREEN,2023-03,+,-,-,Shareholder Returns
ADANIGREEN,2024-03,+,-,+,Expansion via External Capital
ADANIGREEN,2024-09,-,-,-,Severe Cash Distress
ADANIPORTS,2013-03,+,-,+,Expansion via External Capital
ADANIPORTS,2014-03,+,-,+,Expansion via External Capital
ADANIPORTS,2015-03,+,-,-,Shareholder Returns
ADANIPORTS,2016-03,+,-,+,Expansion via External Capital
ADANIPORTS,2017-03,+,-,-,Shareholder Returns
ADANIPORTS,2018-03,+,-,-,Shareholder Returns
ADANIPORTS,2019-03,+,-,+,Expansion via External Capital
ADANIPORTS,2020-03,+,-,-,Shareholder Returns
ADANIPORTS,2021-03,+,-,+,Expansion via External Capital
ADANIPORTS,2022-03,+,-,-,Shareholder Returns
ADANIPORTS,2023-03,+,-,-,Shareholder Returns
ADANIPORTS,2024-03,+,-,-,Shareholder Returns
ADANIPORTS,2024-09,-,-,-,Severe Cash Distress
ADANIPOWER,2013-03,+,-,+,Expansion via External Capital
ADANIPOWER,2014-03,+,-,+,Expansion via External Capital
ADANIPOWER,2015-03,+,-,-,Reinvestor
ADANIPOWER,2016-03,+,-,-,Shareholder Returns
ADANIPOWER,2017-03,+,-,-,Reinvestor
ADANIPOWER,2018-03,+,-,-,Reinvestor
ADANIPOWER,2019-03,+,-,-,Reinvestor
ADANIPOWER,2020-03,+,-,-,Reinvestor
ADANIPOWER,2021-03,+,-,-,Shareholder Returns
ADANIPOWER,2022-03,+,+,-,Asset Divestment & Debt Repayment
ADANIPOWER,2023-03,+,+,-,Asset Divestment & Debt Repayment
ADANIPOWER,2024-03,+,+,-,Asset Divestment & Debt Repayment
ADANIPOWER,2024-09,-,-,-,Severe Cash Distress
AMBUJACEM,2012-12,+,-,-,Shareholder Returns
AMBUJACEM,2013-12,+,-,-,Reinvestor
AMBUJACEM,2014-12,+,-,-,Shareholder Returns
AMBUJACEM,2015-12,+,-,-,Shareholder Returns
AMBUJACEM,2016-12,+,-,-,Shareholder Returns
AMBUJACEM,2017-12,+,-,-,Shareholder Returns
AMBUJACEM,2018-12,+,-,-,Reinvestor
AMBUJACEM,2019-12,+,-,-,Shareholder Returns
AMBUJACEM,2020-12,+,-,-,Shareholder Returns
AMBUJACEM,2021-12,+,-,-,Shareholder Returns
AMBUJACEM,2023-03,+,-,+,Expansion via External Capital
AMBUJACEM,2024-03,+,-,+,Expansion via External Capital
AMBUJACEM,2024-09,-,-,-,Severe Cash Distress
APOLLOHOSP,2013-03,+,-,+,Expansion via External Capital
APOLLOHOSP,2014-03,+,-,-,Shareholder Returns
APOLLOHOSP,2015-03,+,-,+,Expansion via External Capital
APOLLOHOSP,2016-03,+,-,+,Expansion via External Capital
APOLLOHOSP,2017-03,+,-,+,Expansion via External Capital
APOLLOHOSP,2018-03,+,-,-,Shareholder Returns
APOLLOHOSP,2019-03,+,-,-,Shareholder Returns
APOLLOHOSP,2020-03,+,-,-,Shareholder Returns
APOLLOHOSP,2021-03,+,-,-,Shareholder Returns
APOLLOHOSP,2022-03,+,-,-,Shareholder Returns
APOLLOHOSP,2023-03,+,-,-,Shareholder Returns
APOLLOHOSP,2024-03,+,-,-,Shareholder Returns
APOLLOHOSP,2024-09,-,-,-,Severe Cash Distress
ASIANPAINT,2013-03,+,-,-,Shareholder Returns
ASIANPAINT,2014-03,+,-,-,Shareholder Returns
ASIANPAINT,2015-03,+,-,-,Reinvestor
ASIANPAINT,2016-03,+,-,-,Shareholder Returns
ASIANPAINT,2017-03,+,-,-,Reinvestor
ASIANPAINT,2018-03,+,-,-,Shareholder Returns
ASIANPAINT,2019-03,+,-,-,Shareholder Returns
ASIANPAINT,2020-03,+,-,-,Shareholder Returns
ASIANPAINT,2021-03,+,-,-,Shareholder Returns
ASIANPAINT,2022-03,+,-,-,Reinvestor
ASIANPAINT,2023-03,+,-,-,Reinvestor
ASIANPAINT,2024-03,+,-,-,Shareholder Returns
ASIANPAINT,2024-09,-,-,-,Severe Cash Distress
ATGL,2018-03,-,-,-,Severe Cash Distress
ATGL,2019-03,-,-,-,Severe Cash Distress
ATGL,2020-03,-,-,-,Severe Cash Distress
ATGL,2021-03,-,-,-,Severe Cash Distress
ATGL,2022-03,-,-,-,Severe Cash Distress
ATGL,2023-03,-,-,-,Severe Cash Distress
ATGL,2024-03,-,-,-,Severe Cash Distress
ATGL,2024-09,-,-,-,Severe Cash Distress
AXISBANK,2013-03,+,-,+,Expansion via External Capital
AXISBANK,2014-03,+,-,+,Expansion via External Capital
AXISBANK,2015-03,-,-,+,High Growth / CapEx External Funding
AXISBANK,2016-03,-,+,+,Asset Sale to Fund Operations
AXISBANK,2017-03,+,-,-,Shareholder Returns
AXISBANK,2018-03,-,-,+,High Growth / CapEx External Funding
AXISBANK,2019-03,+,-,+,Expansion via External Capital
AXISBANK,2020-03,+,-,+,Expansion via External Capital
AXISBANK,2021-03,+,-,+,Expansion via External Capital
AXISBANK,2022-03,+,-,+,Expansion via External Capital
AXISBANK,2023-03,+,-,+,Expansion via External Capital
AXISBANK,2024-03,-,-,+,High Growth / CapEx External Funding
BAJAJ-AUTO,2013-03,+,-,-,Reinvestor
BAJAJ-AUTO,2014-03,+,-,-,Shareholder Returns
BAJAJ-AUTO,2015-03,+,-,-,Reinvestor
BAJAJ-AUTO,2016-03,+,-,-,Reinvestor
BAJAJ-AUTO,2017-03,+,-,-,Reinvestor
BAJAJ-AUTO,2018-03,+,-,-,Shareholder Returns
BAJAJ-AUTO,2019-03,+,-,-,Reinvestor
BAJAJ-AUTO,2020-03,+,+,-,Asset Divestment & Debt Repayment
BAJAJ-AUTO,2021-03,+,-,-,Reinvestor
BAJAJ-AUTO,2022-03,+,+,-,Asset Divestment & Debt Repayment
BAJAJ-AUTO,2023-03,+,+,-,Asset Divestment & Debt Repayment
BAJAJ-AUTO,2024-03,+,-,-,Reinvestor
BAJAJ-AUTO,2024-09,-,-,-,Severe Cash Distress
BAJAJFINSV,2013-03,-,+,+,Asset Sale to Fund Operations
BAJAJFINSV,2014-03,-,+,+,Asset Sale to Fund Operations
BAJAJFINSV,2015-03,-,+,+,Asset Sale to Fund Operations
BAJAJFINSV,2016-03,-,-,+,High Growth / CapEx External Funding
BAJAJFINSV,2017-03,-,+,+,Asset Sale to Fund Operations
BAJAJFINSV,2018-03,-,-,+,High Growth / CapEx External Funding
BAJAJFINSV,2019-03,-,-,+,High Growth / CapEx External Funding
BAJAJFINSV,2020-03,-,-,+,High Growth / CapEx External Funding
BAJAJFINSV,2021-03,+,-,+,Expansion via External Capital
BAJAJFINSV,2022-03,-,+,+,Asset Sale to Fund Operations
BAJAJFINSV,2023-03,-,-,+,High Growth / CapEx External Funding
BAJAJFINSV,2024-03,-,-,+,High Growth / CapEx External Funding
BAJAJFINSV,2024-09,-,-,-,Severe Cash Distress
BAJAJHLDNG,2013-03,+,-,-,Reinvestor
BAJAJHLDNG,2014-03,+,-,-,Reinvestor
BAJAJHLDNG,2015-03,+,-,-,Reinvestor
BAJAJHLDNG,2016-03,+,+,-,Asset Divestment & Debt Repayment
BAJAJHLDNG,2017-03,-,-,-,Severe Cash Distress
BAJAJHLDNG,2018-03,+,-,-,Reinvestor
BAJAJHLDNG,2019-03,+,-,-,Reinvestor
BAJAJHLDNG,2020-03,+,-,-,Reinvestor
BAJAJHLDNG,2021-03,+,-,-,Reinvestor
BAJAJHLDNG,2022-03,+,-,-,Reinvestor
BAJAJHLDNG,2023-03,+,-,-,Reinvestor
BAJAJHLDNG,2024-03,+,-,-,Reinvestor
BAJAJHLDNG,2024-09,-,-,-,Severe Cash Distress
BAJFINANCE,2015-03,-,-,+,High Growth / CapEx External Funding
BAJFINANCE,2016-03,-,-,+,High Growth / CapEx External Funding
BAJFINANCE,2017-03,-,-,+,High Growth / CapEx External Funding
BAJFINANCE,2018-03,-,+,+,Asset Sale to Fund Operations
BAJFINANCE,2019-03,-,-,+,High Growth / CapEx External Funding
BAJFINANCE,2020-03,-,-,+,High Growth / CapEx External Funding
BAJFINANCE,2021-03,-,-,+,High Growth / CapEx External Funding
BAJFINANCE,2022-03,-,+,+,Asset Sale to Fund Operations
BAJFINANCE,2023-03,-,-,+,High Growth / CapEx External Funding
BAJFINANCE,2024-03,-,-,+,High Growth / CapEx External Funding
BAJFINANCE,2024-09,-,-,-,Severe Cash Distress
BANKBARODA,2013-03,+,-,-,Shareholder Returns
BANKBARODA,2014-03,+,-,+,Expansion via External Capital
BANKBARODA,2015-03,+,-,-,Shareholder Returns
BANKBARODA,2016-03,-,-,-,Severe Cash Distress
BANKBARODA,2017-03,+,-,-,Shareholder Returns
BANKBARODA,2018-03,-,-,+,High Growth / CapEx External Funding
BANKBARODA,2019-03,-,-,+,High Growth / CapEx External Funding
BANKBARODA,2020-03,+,-,+,Expansion via External Capital
BANKBARODA,2021-03,-,-,-,Severe Cash Distress
BANKBARODA,2022-03,+,-,-,Reinvestor
BANKBARODA,2023-03,-,-,-,Severe Cash Distress
BANKBARODA,2024-03,-,-,+,High Growth / CapEx External Funding
BEL,2013-03,-,+,-,Divestment to Pay Debt Under Stress
BEL,2014-03,-,+,-,Divestment to Pay Debt Under Stress
BEL,2015-03,+,-,-,Shareholder Returns
BEL,2016-03,+,-,-,Shareholder Returns
BEL,2017-03,-,+,-,Divestment to Pay Debt Under Stress
BEL,2018-03,-,-,-,Severe Cash Distress
BEL,2019-03,+,-,-,Reinvestor
BEL,2020-03,+,-,-,Shareholder Returns
BEL,2021-03,+,-,-,Shareholder Returns
BEL,2022-03,+,-,-,Shareholder Returns
BEL,2023-03,+,+,-,Asset Divestment & Debt Repayment
BEL,2024-03,+,-,-,Shareholder Returns
BEL,2024-09,-,-,-,Severe Cash Distress
BHARTIARTL,2013-03,+,-,-,Shareholder Returns
BHARTIARTL,2014-03,+,-,+,Expansion via External Capital
BHARTIARTL,2015-03,+,-,-,Shareholder Returns
BHARTIARTL,2016-03,+,-,-,Shareholder Returns
BHARTIARTL,2017-03,+,-,-,Shareholder Returns
BHARTIARTL,2018-03,+,-,+,Expansion via External Capital
BHARTIARTL,2019-03,+,-,+,Expansion via External Capital
BHARTIARTL,2020-03,+,-,+,Expansion via External Capital
BHARTIARTL,2021-03,+,-,-,Reinvestor
BHARTIARTL,2022-03,+,-,-,Shareholder Returns
BHARTIARTL,2023-03,+,-,-,Shareholder Returns
BHARTIARTL,2024-03,+,-,-,Shareholder Returns
BHARTIARTL,2024-09,-,-,-,Severe Cash Distress
BHEL,2013-03,+,-,+,Expansion via External Capital
BHEL,2014-03,+,-,+,Expansion via External Capital
BHEL,2015-03,+,+,-,Asset Divestment & Debt Repayment
BHEL,2016-03,+,+,-,Asset Divestment & Debt Repayment
BHEL,2017-03,+,-,-,Shareholder Returns
BHEL,2018-03,+,+,-,Asset Divestment & Debt Repayment
BHEL,2019-03,-,+,-,Divestment to Pay Debt Under Stress
BHEL,2020-03,-,+,+,Asset Sale to Fund Operations
BHEL,2021-03,+,-,-,Reinvestor
BHEL,2022-03,+,-,-,Shareholder Returns
BHEL,2023-03,-,+,+,Asset Sale to Fund Operations
BHEL,2024-03,-,+,+,Asset Sale to Fund Operations
BHEL,2024-09,-,-,-,Severe Cash Distress
BOSCHLTD,2012-12,+,-,-,Reinvestor
BOSCHLTD,2013-12,+,-,-,Shareholder Returns
BOSCHLTD,2015-03,+,-,-,Shareholder Returns
BOSCHLTD,2016-03,+,-,-,Reinvestor
BOSCHLTD,2017-03,+,+,-,Asset Divestment & Debt Repayment
BOSCHLTD,2018-03,+,-,-,Shareholder Returns
BOSCHLTD,2019-03,+,+,-,Asset Divestment & Debt Repayment
BOSCHLTD,2020-03,+,-,-,Shareholder Returns
BOSCHLTD,2021-03,+,-,-,Shareholder Returns
BOSCHLTD,2022-03,+,-,-,Reinvestor
BOSCHLTD,2023-03,+,+,-,Asset Divestment & Debt Repayment
BOSCHLTD,2024-03,+,+,-,Asset Divestment & Debt Repayment
BOSCHLTD,2024-09,-,-,-,Severe Cash Distress
BPCL,2013-03,+,-,-,Shareholder Returns
BPCL,2014-03,+,-,-,Shareholder Returns
BPCL,2015-03,+,-,-,Shareholder Returns
BPCL,2016-03,+,-,-,Shareholder Returns
BPCL,2017-03,+,-,+,Expansion via External Capital
BPCL,2018-03,+,-,-,Shareholder Returns
BPCL,2019-03,+,-,+,Expansion via External Capital
BPCL,2020-03,+,-,+,Expansion via External Capital
BPCL,2021-03,+,-,-,Shareholder Returns
BPCL,2022-03,+,-,-,Shareholder Returns
BPCL,2023-03,+,-,-,Shareholder Returns
BPCL,2024-03,+,-,-,Shareholder Returns
BPCL,2024-09,-,-,-,Severe Cash Distress
BRITANNIA,2013-03,+,+,-,Asset Divestment & Debt Repayment
BRITANNIA,2014-03,+,-,-,Shareholder Returns
BRITANNIA,2015-03,+,-,-,Reinvestor
BRITANNIA,2016-03,+,-,-,Shareholder Returns
BRITANNIA,2017-03,+,-,-,Reinvestor
BRITANNIA,2018-03,+,-,-,Shareholder Returns
BRITANNIA,2019-03,+,-,-,Shareholder Returns
BRITANNIA,2020-03,+,-,+,Expansion via External Capital
BRITANNIA,2021-03,+,+,-,Asset Divestment & Debt Repayment
BRITANNIA,2022-03,+,+,-,Asset Divestment & Debt Repayment
BRITANNIA,2023-03,+,-,-,Shareholder Returns
BRITANNIA,2024-03,+,+,-,Asset Divestment & Debt Repayment
BRITANNIA,2024-09,-,-,-,Severe Cash Distress
CANBK,2013-03,+,-,-,Shareholder Returns
CANBK,2014-03,+,-,-,Shareholder Returns
CANBK,2015-03,+,-,-,Shareholder Returns
CANBK,2016-03,+,-,-,Reinvestor
CANBK,2017-03,+,-,+,Expansion via External Capital
CANBK,2018-03,-,-,+,High Growth / CapEx External Funding
CANBK,2019-03,+,-,-,Shareholder Returns
CANBK,2020-03,-,-,+,High Growth / CapEx External Funding
CANBK,2021-03,+,-,+,Expansion via External Capital
CANBK,2022-03,+,-,+,Expansion via External Capital
CANBK,2023-03,-,-,+,High Growth / CapEx External Funding
CANBK,2024-03,+,-,-,Reinvestor
CHOLAFIN,2013-03,-,+,+,Asset Sale to Fund Operations
CHOLAFIN,2014-03,-,-,+,High Growth / CapEx External Funding
CHOLAFIN,2015-03,-,-,+,High Growth / CapEx External Funding
CHOLAFIN,2016-03,-,-,+,High Growth / CapEx External Funding
CHOLAFIN,2017-03,-,-,+,High Growth / CapEx External Funding
CHOLAFIN,2018-03,-,-,+,High Growth / CapEx External Funding
CHOLAFIN,2019-03,-,-,+,High Growth / CapEx External Funding
CHOLAFIN,2020-03,-,-,+,High Growth / CapEx External Funding
CHOLAFIN,2021-03,-,-,+,High Growth / CapEx External Funding
CHOLAFIN,2022-03,-,+,+,Asset Sale to Fund Operations
CHOLAFIN,2023-03,-,-,+,High Growth / CapEx External Funding
CHOLAFIN,2024-03,-,-,+,High Growth / CapEx External Funding
CHOLAFIN,2024-09,-,-,-,Severe Cash Distress
CIPLA,2013-03,+,-,+,Expansion via External Capital
CIPLA,2014-03,+,-,-,Shareholder Returns
CIPLA,2015-03,+,-,+,Expansion via External Capital
CIPLA,2016-03,+,-,+,Expansion via External Capital
CIPLA,2017-03,+,-,-,Shareholder Returns
CIPLA,2018-03,+,-,-,Shareholder Returns
CIPLA,2019-03,+,-,-,Shareholder Returns
CIPLA,2020-03,+,+,-,Asset Divestment & Debt Repayment
CIPLA,2021-03,+,-,-,Shareholder Returns
CIPLA,2022-03,+,-,-,Shareholder Returns
CIPLA,2023-03,+,-,-,Shareholder Returns
CIPLA,2024-03,+,-,-,Reinvestor
CIPLA,2024-09,-,-,-,Severe Cash Distress
COALINDIA,2013-03,+,-,-,Reinvestor
COALINDIA,2014-03,+,+,-,Asset Divestment & Debt Repayment
COALINDIA,2015-03,+,+,-,Asset Divestment & Debt Repayment
COALINDIA,2016-03,+,+,-,Asset Divestment & Debt Repayment
COALINDIA,2017-03,+,+,-,Asset Divestment & Debt Repayment
COALINDIA,2018-03,+,-,-,Shareholder Returns
COALINDIA,2019-03,+,-,-,Reinvestor
COALINDIA,2020-03,+,+,-,Asset Divestment & Debt Repayment
COALINDIA,2021-03,+,+,-,Asset Divestment & Debt Repayment
COALINDIA,2022-03,+,-,-,Shareholder Returns
COALINDIA,2023-03,+,-,-,Shareholder Returns
COALINDIA,2024-03,+,-,-,Reinvestor
COALINDIA,2024-09,-,-,-,Severe Cash Distress
DABUR,2013-03,+,-,-,Shareholder Returns
DABUR,2014-03,+,-,-,Shareholder Returns
DABUR,2015-03,+,-,-,Reinvestor
DABUR,2016-03,+,-,-,Reinvestor
DABUR,2017-03,+,-,-,Reinvestor
DABUR,2018-03,+,-,-,Reinvestor
DABUR,2019-03,+,+,-,Asset Divestment & Debt Repayment
DABUR,2020-03,+,-,-,Shareholder Returns
DABUR,2021-03,+,-,-,Shareholder Returns
DABUR,2022-03,+,-,-,Shareholder Returns
DABUR,2023-03,+,-,-,Reinvestor
DABUR,2024-03,+,-,-,Shareholder Returns
DABUR,2024-09,-,-,-,Severe Cash Distress
DIVISLAB,2013-03,+,-,-,Reinvestor
DIVISLAB,2014-03,+,-,-,Reinvestor
DIVISLAB,2015-03,+,-,-,Reinvestor
DIVISLAB,2016-03,+,-,-,Reinvestor
DIVISLAB,2017-03,+,-,+,Expansion via External Capital
DIVISLAB,2018-03,+,-,-,Reinvestor
DIVISLAB,2019-03,+,-,-,Reinvestor
DIVISLAB,2020-03,+,-,-,Reinvestor
DIVISLAB,2021-03,+,+,-,Asset Divestment & Debt Repayment
DIVISLAB,2022-03,+,-,-,Reinvestor
DIVISLAB,2023-03,+,-,-,Shareholder Returns
DIVISLAB,2024-03,+,-,-,Reinvestor
DIVISLAB,2024-09,-,-,-,Severe Cash Distress
DLF,2013-03,+,+,-,Asset Divestment & Debt Repayment
DLF,2014-03,+,+,-,Asset Divestment & Debt Repayment
DLF,2015-03,+,+,-,Asset Divestment & Debt Repayment
DLF,2016-03,+,-,-,Shareholder Returns
DLF,2017-03,-,+,+,Asset Sale to Fund Operations
DLF,2018-03,+,-,-,Reinvestor
DLF,2019-03,+,+,+,Asset Liquidation & Capital Inflow
DLF,2020-03,+,+,-,Asset Divestment & Debt Repayment
DLF,2021-03,+,+,-,Asset Divestment & Debt Repayment
DLF,2022-03,+,+,-,Asset Divestment & Debt Repayment
DLF,2023-03,+,-,-,Shareholder Returns
DLF,2024-03,+,-,+,Expansion via External Capital
DLF,2024-09,-,-,-,Severe Cash Distress
DMART,2013-03,+,-,+,Expansion via External Capital
DMART,2014-03,+,-,+,Expansion via External Capital
DMART,2015-03,+,-,+,Expansion via External Capital
DMART,2016-03,+,-,+,Expansion via External Capital
DMART,2017-03,+,-,+,Expansion via External Capital
DMART,2018-03,+,+,-,Asset Divestment & Debt Repayment
DMART,2019-03,+,-,+,Expansion via External Capital
DMART,2020-03,+,-,+,Expansion via External Capital
DMART,2021-03,+,-,-,Shareholder Returns
DMART,2022-03,+,-,-,Reinvestor
DMART,2023-03,+,-,-,Shareholder Returns
DMART,2024-03,+,-,-,Shareholder Returns
DMART,2024-09,-,-,-,Severe Cash Distress
DRREDDY,2013-03,+,-,-,Reinvestor
DRREDDY,2014-03,+,-,-,Shareholder Returns
DRREDDY,2015-03,+,-,-,Shareholder Returns
DRREDDY,2016-03,+,-,-,Shareholder Returns
DRREDDY,2017-03,+,-,-,Shareholder Returns
DRREDDY,2018-03,+,-,-,Shareholder Returns
DRREDDY,2019-03,+,-,-,Shareholder Returns
DRREDDY,2020-03,+,-,-,Shareholder Returns
DRREDDY,2021-03,+,-,-,Shareholder Returns
DRREDDY,2022-03,+,-,-,Shareholder Returns
DRREDDY,2023-03,+,-,-,Shareholder Returns
DRREDDY,2024-03,+,-,-,Reinvestor
DRREDDY,2024-09,-,-,-,Severe Cash Distress
EICHERMOT,2012-12,+,-,-,Shareholder Returns
EICHERMOT,2013-12,+,-,-,Shareholder Returns
EICHERMOT,2014-12,+,-,-,Shareholder Returns
EICHERMOT,2016-03,+,-,-,Shareholder Returns
EICHERMOT,2017-03,+,-,+,Expansion via External Capital
EICHERMOT,2018-03,+,-,-,Shareholder Returns
EICHERMOT,2019-03,+,-,-,Reinvestor
EICHERMOT,2020-03,+,-,-,Reinvestor
EICHERMOT,2021-03,+,-,-,Shareholder Returns
EICHERMOT,2022-03,+,-,-,Reinvestor
EICHERMOT,2023-03,+,-,-,Reinvestor
EICHERMOT,2024-03,+,-,-,Reinvestor
EICHERMOT,2024-09,-,-,-,Severe Cash Distress
GAIL,2013-03,+,-,+,Expansion via External Capital
GAIL,2014-03,+,-,-,Reinvestor
GAIL,2015-03,+,-,-,Shareholder Returns
GAIL,2016-03,+,-,-,Shareholder Returns
GAIL,2017-03,+,-,-,Shareholder Returns
GAIL,2018-03,+,-,-,Shareholder Returns
GAIL,2019-03,+,-,-,Shareholder Returns
GAIL,2020-03,+,-,+,Expansion via External Capital
GAIL,2021-03,+,-,-,Shareholder Returns
GAIL,2022-03,+,-,-,Reinvestor
GAIL,2023-03,+,-,+,Expansion via External Capital
GAIL,2024-03,+,-,-,Shareholder Returns
GAIL,2024-09,-,-,-,Severe Cash Distress
GODREJCP,2013-03,+,-,+,Expansion via External Capital
GODREJCP,2014-03,+,-,-,Shareholder Returns
GODREJCP,2015-03,+,-,-,Shareholder Returns
GODREJCP,2016-03,+,-,-,Shareholder Returns
GODREJCP,2017-03,+,-,+,Expansion via External Capital
GODREJCP,2018-03,+,-,-,Shareholder Returns
GODREJCP,2019-03,+,+,-,Asset Divestment & Debt Repayment
GODREJCP,2020-03,+,-,-,Shareholder Returns
GODREJCP,2021-03,+,-,-,Shareholder Returns
GODREJCP,2022-03,+,-,-,Reinvestor
GODREJCP,2023-03,+,-,-,Shareholder Returns
GODREJCP,2024-03,+,-,+,Expansion via External Capital
GODREJCP,2024-09,-,-,-,Severe Cash Distress
GRASIM,2013-03,+,-,+,Expansion via External Capital
GRASIM,2014-03,+,-,-,Shareholder Returns
GRASIM,2015-03,+,-,-,Shareholder Returns
GRASIM,2016-03,+,-,-,Shareholder Returns
GRASIM,2017-03,+,-,-,Shareholder Returns
GRASIM,2018-03,-,+,+,Asset Sale to Fund Operations
GRASIM,2019-03,-,-,+,High Growth / CapEx External Funding
GRASIM,2020-03,+,-,-,Shareholder Returns
GRASIM,2021-03,+,-,-,Shareholder Returns
GRASIM,2022-03,+,-,-,Reinvestor
GRASIM,2023-03,-,-,+,High Growth / CapEx External Funding
GRASIM,2024-03,-,-,+,High Growth / CapEx External Funding
GRASIM,2024-09,-,-,-,Severe Cash Distress
HAL,2013-03,-,-,-,Severe Cash Distress
HAL,2014-03,-,-,-,Severe Cash Distress
HAL,2015-03,-,-,-,Severe Cash Distress
HAL,2016-03,-,-,-,Severe Cash Distress
HAL,2017-03,-,+,-,Divestment to Pay Debt Under Stress
HAL,2018-03,-,+,-,Divestment to Pay Debt Under Stress
HAL,2019-03,-,+,+,Asset Sale to Fund Operations
HAL,2020-03,+,-,+,Expansion via External Capital
HAL,2021-03,+,-,-,Shareholder Returns
HAL,2022-03,+,-,-,Shareholder Returns
HAL,2023-03,+,-,-,Shareholder Returns
HAL,2024-03,+,-,-,Shareholder Returns
HAL,2024-09,-,-,-,Severe Cash Distress
HAVELLS,2013-03,+,-,-,Shareholder Returns
HAVELLS,2014-03,+,-,-,Shareholder Returns
HAVELLS,2015-03,+,-,-,Shareholder Returns
HAVELLS,2016-03,+,-,-,Reinvestor
HAVELLS,2017-03,+,-,-,Shareholder Returns
HAVELLS,2018-03,+,-,-,Shareholder Returns
HAVELLS,2019-03,+,+,-,Asset Divestment & Debt Repayment
HAVELLS,2020-03,+,-,-,Shareholder Returns
HAVELLS,2021-03,+,-,+,Expansion via External Capital
HAVELLS,2022-03,+,-,-,Shareholder Returns
HAVELLS,2023-03,+,+,-,Asset Divestment & Debt Repayment
HAVELLS,2024-03,+,-,-,Shareholder Returns
HAVELLS,2024-09,-,-,-,Severe Cash Distress
HCLTECH,2013-06,+,-,-,Shareholder Returns
HCLTECH,2014-06,+,-,-,Reinvestor
HCLTECH,2015-06,+,-,-,Reinvestor
HCLTECH,2016-03,+,-,-,Reinvestor
HCLTECH,2017-03,+,-,-,Shareholder Returns
HCLTECH,2018-03,+,-,-,Reinvestor
HCLTECH,2019-03,+,-,-,Reinvestor
HCLTECH,2020-03,+,-,-,Shareholder Returns
HCLTECH,2021-03,+,-,-,Shareholder Returns
HCLTECH,2022-03,+,+,-,Asset Divestment & Debt Repayment
HCLTECH,2023-03,+,-,-,Shareholder Returns
HCLTECH,2024-03,+,-,-,Shareholder Returns
HCLTECH,2024-09,-,-,-,Severe Cash Distress
HDFCBANK,2013-03,-,-,+,High Growth / CapEx External Funding
HDFCBANK,2014-03,+,-,+,Expansion via External Capital
HDFCBANK,2015-03,-,-,+,High Growth / CapEx External Funding
HDFCBANK,2016-03,-,-,+,High Growth / CapEx External Funding
HDFCBANK,2017-03,+,-,-,Shareholder Returns
HDFCBANK,2018-03,+,-,+,Expansion via External Capital
HDFCBANK,2019-03,-,-,+,High Growth / CapEx External Funding
HDFCBANK,2020-03,-,-,+,High Growth / CapEx External Funding
HDFCBANK,2021-03,+,-,-,Shareholder Returns
HDFCBANK,2022-03,-,-,+,High Growth / CapEx External Funding
HDFCBANK,2023-03,+,-,+,Expansion via External Capital
HDFCBANK,2024-03,+,+,-,Asset Divestment & Debt Repayment
HDFCLIFE,2013-03,-,-,-,Severe Cash Distress
HDFCLIFE,2014-03,-,-,-,Severe Cash Distress
HDFCLIFE,2015-03,+,-,-,Shareholder Returns
HDFCLIFE,2016-03,+,-,-,Shareholder Returns
HDFCLIFE,2017-03,+,-,-,Shareholder Returns
HDFCLIFE,2018-03,+,-,-,Shareholder Returns
HDFCLIFE,2019-03,+,-,-,Shareholder Returns
HDFCLIFE,2020-03,+,-,+,Expansion via External Capital
HDFCLIFE,2021-03,+,-,+,Expansion via External Capital
HDFCLIFE,2022-03,+,-,-,Shareholder Returns
HDFCLIFE,2023-03,+,-,+,Expansion via External Capital
HDFCLIFE,2024-03,+,-,-,Shareholder Returns
HDFCLIFE,2024-09,-,-,-,Severe Cash Distress
HEROMOTOCO,2014-03,+,-,-,Shareholder Returns
HEROMOTOCO,2015-03,+,+,-,Asset Divestment & Debt Repayment
HEROMOTOCO,2016-03,+,-,-,Shareholder Returns
HEROMOTOCO,2017-03,+,-,-,Shareholder Returns
HEROMOTOCO,2018-03,+,-,-,Shareholder Returns
HEROMOTOCO,2019-03,+,+,-,Asset Divestment & Debt Repayment
HEROMOTOCO,2020-03,+,-,-,Shareholder Returns
HEROMOTOCO,2021-03,+,-,-,Shareholder Returns
HEROMOTOCO,2022-03,+,-,-,Reinvestor
HEROMOTOCO,2023-03,+,-,-,Reinvestor
HEROMOTOCO,2024-03,+,-,-,Shareholder Returns
HEROMOTOCO,2024-09,-,-,-,Severe Cash Distress
HINDALCO,2013-03,+,-,+,Expansion via External Capital
HINDALCO,2014-03,+,-,+,Expansion via External Capital
HINDALCO,2015-03,+,-,-,Shareholder Returns
HINDALCO,2016-03,+,-,-,Reinvestor
HINDALCO,2017-03,+,-,-,Shareholder Returns
HINDALCO,2018-03,+,+,-,Asset Divestment & Debt Repayment
HINDALCO,2019-03,+,-,-,Shareholder Returns
HINDALCO,2020-03,+,-,+,Expansion via External Capital
HINDALCO,2021-03,+,-,-,Shareholder Returns
HINDALCO,2022-03,+,-,-,Shareholder Returns
HINDALCO,2023-03,+,-,-,Shareholder Returns
HINDALCO,2024-03,+,-,-,Shareholder Returns
HINDALCO,2024-09,-,-,-,Severe Cash Distress
HINDUNILVR,2013-03,+,+,-,Asset Divestment & Debt Repayment
HINDUNILVR,2014-03,+,-,-,Reinvestor
HINDUNILVR,2015-03,+,+,-,Asset Divestment & Debt Repayment
HINDUNILVR,2016-03,+,-,-,Shareholder Returns
HINDUNILVR,2017-03,+,-,-,Shareholder Returns
HINDUNILVR,2018-03,+,-,-,Shareholder Returns
HINDUNILVR,2019-03,+,-,-,Reinvestor
HINDUNILVR,2020-03,+,+,-,Asset Divestment & Debt Repayment
HINDUNILVR,2021-03,+,-,-,Shareholder Returns
HINDUNILVR,2022-03,+,-,-,Shareholder Returns
HINDUNILVR,2023-03,+,-,-,Reinvestor
HINDUNILVR,2024-03,+,-,-,Shareholder Returns
HINDUNILVR,2024-09,-,-,-,Severe Cash Distress
ICICIBANK,2013-03,+,-,+,Expansion via External Capital
ICICIBANK,2014-03,+,-,+,Expansion via External Capital
ICICIBANK,2015-03,-,-,+,High Growth / CapEx External Funding
ICICIBANK,2016-03,+,-,+,Expansion via External Capital
ICICIBANK,2017-03,+,-,-,Shareholder Returns
ICICIBANK,2018-03,+,-,+,Expansion via External Capital
ICICIBANK,2019-03,+,-,-,Shareholder Returns
ICICIBANK,2020-03,+,-,+,Expansion via External Capital
ICICIBANK,2021-03,+,-,-,Shareholder Returns
ICICIBANK,2022-03,+,-,+,Expansion via External Capital
ICICIBANK,2023-03,-,-,+,High Growth / CapEx External Funding
ICICIBANK,2024-03,+,-,+,Expansion via External Capital
ICICIGI,2013-03,+,-,+,Expansion via External Capital
ICICIGI,2014-03,+,-,+,Expansion via External Capital
ICICIGI,2015-03,-,+,-,Divestment to Pay Debt Under Stress
ICICIGI,2016-03,+,-,-,Shareholder Returns
ICICIGI,2017-03,+,-,+,Expansion via External Capital
ICICIGI,2018-03,+,-,-,Shareholder Returns
ICICIGI,2019-03,+,-,-,Shareholder Returns
ICICIGI,2020-03,+,-,-,Shareholder Returns
ICICIGI,2021-03,+,-,-,Shareholder Returns
ICICIGI,2022-03,+,+,-,Asset Divestment & Debt Repayment
ICICIGI,2023-03,+,-,-,Shareholder Returns
ICICIGI,2024-03,+,-,-,Shareholder Returns
ICICIGI,2024-09,-,-,-,Severe Cash Distress
ICICIPRULI,2013-03,-,+,-,Divestment to Pay Debt Under Stress
ICICIPRULI,2014-03,-,+,-,Divestment to Pay Debt Under Stress
ICICIPRULI,2015-03,+,-,-,Reinvestor
ICICIPRULI,2016-03,+,+,-,Asset Divestment & Debt Repayment
ICICIPRULI,2017-03,+,-,-,Shareholder Returns
ICICIPRULI,2018-03,+,-,-,Shareholder Returns
ICICIPRULI,2019-03,+,-,-,Shareholder Returns
ICICIPRULI,2020-03,+,-,-,Shareholder Returns
ICICIPRULI,2021-03,+,-,+,Expansion via External Capital
ICICIPRULI,2022-03,+,-,-,Shareholder Returns
ICICIPRULI,2023-03,+,-,-,Reinvestor
ICICIPRULI,2024-03,-,+,-,Divestment to Pay Debt Under Stress
ICICIPRULI,2024-09,-,-,-,Severe Cash Distress
INDIGO,2013-03,+,-,+,Expansion via External Capital
INDIGO,2014-03,+,-,+,Expansion via External Capital
INDIGO,2015-03,+,-,-,Shareholder Returns
INDIGO,2016-03,+,-,-,Shareholder Returns
INDIGO,2017-03,+,-,-,Shareholder Returns
INDIGO,2018-03,+,-,+,Expansion via External Capital
INDIGO,2019-03,+,-,-,Shareholder Returns
INDIGO,2020-03,+,-,-,Reinvestor
INDIGO,2021-03,-,+,-,Divestment to Pay Debt Under Stress
INDIGO,2022-03,+,+,-,Asset Divestment & Debt Repayment
INDIGO,2023-03,+,-,-,Reinvestor
INDIGO,2024-03,+,-,-,Shareholder Returns
INDIGO,2024-09,-,-,-,Severe Cash Distress
INDUSINDBK,2013-03,-,-,+,High Growth / CapEx External Funding
INDUSINDBK,2014-03,-,-,+,High Growth / CapEx External Funding
INDUSINDBK,2015-03,-,-,+,High Growth / CapEx External Funding
INDUSINDBK,2016-03,-,-,+,High Growth / CapEx External Funding
INDUSINDBK,2017-03,+,-,-,Shareholder Returns
INDUSINDBK,2018-03,-,-,+,High Growth / CapEx External Funding
INDUSINDBK,2019-03,-,-,+,High Growth / CapEx External Funding
INDUSINDBK,2020-03,-,+,+,Asset Sale to Fund Operations
INDUSINDBK,2021-03,+,-,-,Shareholder Returns
INDUSINDBK,2022-03,+,-,-,Shareholder Returns
INDUSINDBK,2023-03,-,-,+,High Growth / CapEx External Funding
INDUSINDBK,2024-03,-,-,-,Severe Cash Distress
INFY,2013-03,+,-,-,Reinvestor
INFY,2014-03,+,-,-,Reinvestor
INFY,2015-03,+,+,-,Asset Divestment & Debt Repayment
INFY,2016-03,+,-,-,Reinvestor
INFY,2017-03,+,-,-,Reinvestor
INFY,2018-03,+,+,-,Asset Divestment & Debt Repayment
INFY,2019-03,+,-,-,Reinvestor
INFY,2020-03,+,-,-,Shareholder Returns
INFY,2021-03,+,-,-,Shareholder Returns
INFY,2022-03,+,-,-,Shareholder Returns
INFY,2023-03,+,-,-,Reinvestor
INFY,2024-03,+,-,-,Reinvestor
INFY,2024-09,-,-,-,Severe Cash Distress
IOC,2013-03,+,-,+,Expansion via External Capital
IOC,2014-03,+,-,-,Shareholder Returns
IOC,2015-03,+,-,-,Shareholder Returns
IOC,2016-03,+,-,-,Shareholder Returns
IOC,2017-03,+,-,-,Shareholder Returns
IOC,2018-03,+,-,-,Shareholder Returns
IOC,2019-03,+,-,+,Expansion via External Capital
IOC,2020-03,+,-,+,Expansion via External Capital
IOC,2021-03,+,-,-,Shareholder Returns
IOC,2022-03,+,-,-,Shareholder Returns
IOC,2023-03,+,-,-,Shareholder Returns
IOC,2024-03,+,-,-,Shareholder Returns
IOC,2024-09,-,-,-,Severe Cash Distress
IRCTC,2015-03,+,-,-,Reinvestor
IRCTC,2016-03,+,+,-,Asset Divestment & Debt Repayment
IRCTC,2017-03,+,+,-,Asset Divestment & Debt Repayment
IRCTC,2018-03,+,+,-,Asset Divestment & Debt Repayment
IRCTC,2019-03,+,-,-,Shareholder Returns
IRCTC,2020-03,+,+,-,Asset Divestment & Debt Repayment
IRCTC,2021-03,+,-,-,Shareholder Returns
IRCTC,2022-03,+,-,-,Reinvestor
IRCTC,2023-03,+,-,-,Reinvestor
IRCTC,2024-03,+,-,-,Reinvestor
IRCTC,2024-09,-,-,-,Severe Cash Distress
IRFC,2013-03,-,-,-,Severe Cash Distress
IRFC,2014-03,-,-,-,Severe Cash Distress
IRFC,2015-03,-,-,-,Severe Cash Distress
IRFC,2016-03,-,+,+,Asset Sale to Fund Operations
IRFC,2017-03,-,+,+,Asset Sale to Fund Operations
IRFC,2018-03,-,+,+,Asset Sale to Fund Operations
IRFC,2019-03,-,+,+,Asset Sale to Fund Operations
IRFC,2020-03,-,+,+,Asset Sale to Fund Operations
IRFC,2021-03,-,+,+,Asset Sale to Fund Operations
IRFC,2022-03,-,-,+,High Growth / CapEx External Funding
IRFC,2023-03,-,+,+,Asset Sale to Fund Operations
IRFC,2024-03,+,-,-,Shareholder Returns
IRFC,2024-09,-,-,-,Severe Cash Distress
ITC,2013-03,+,-,-,Reinvestor
ITC,2014-03,+,-,-,Reinvestor
ITC,2015-03,+,-,-,Shareholder Returns
ITC,2016-03,+,-,-,Shareholder Returns
ITC,2017-03,+,-,-,Shareholder Returns
ITC,2018-03,+,-,-,Shareholder Returns
ITC,2019-03,+,-,-,Reinvestor
ITC,2020-03,+,-,-,Reinvestor
ITC,2021-03,+,+,-,Asset Divestment & Debt Repayment
ITC,2022-03,+,-,-,Shareholder Returns
ITC,2023-03,+,-,-,Reinvestor
ITC,2024-03,+,+,-,Asset Divestment & Debt Repayment
ITC,2024-09,-,-,-,Severe Cash Distress
JINDALSTEL,2013-03,+,-,+,Expansion via External Capital
JINDALSTEL,2014-03,+,-,+,Expansion via External Capital
JINDALSTEL,2015-03,+,-,+,Expansion via External Capital
JINDALSTEL,2016-03,+,-,-,Reinvestor
JINDALSTEL,2017-03,+,-,-,Reinvestor
JINDALSTEL,2018-03,+,-,-,Reinvestor
JINDALSTEL,2019-03,+,-,-,Reinvestor
JINDALSTEL,2020-03,+,-,-,Reinvestor
JINDALSTEL,2021-03,+,-,-,Shareholder Returns
JINDALSTEL,2022-03,+,-,-,Shareholder Returns
JINDALSTEL,2023-03,+,-,-,Shareholder Returns
JINDALSTEL,2024-03,+,-,+,Expansion via External Capital
JINDALSTEL,2024-09,-,-,-,Severe Cash Distress
JIOFIN,2023-03,+,-,-,Shareholder Returns
JIOFIN,2024-03,-,+,-,Divestment to Pay Debt Under Stress
JIOFIN,2024-09,-,-,-,Severe Cash Distress
JSWENERGY,2013-03,+,-,-,Shareholder Returns
JSWENERGY,2014-03,+,-,-,Shareholder Returns
JSWENERGY,2015-03,+,-,-,Shareholder Returns
JSWENERGY,2016-03,+,-,-,Shareholder Returns
JSWENERGY,2017-03,+,-,-,Shareholder Returns
JSWENERGY,2018-03,+,-,-,Shareholder Returns
JSWENERGY,2019-03,+,-,-,Shareholder Returns
JSWENERGY,2020-03,+,+,-,Asset Divestment & Debt Repayment
JSWENERGY,2021-03,+,-,-,Shareholder Returns
JSWENERGY,2022-03,+,-,-,Shareholder Returns
JSWENERGY,2023-03,+,-,+,Expansion via External Capital
JSWENERGY,2024-03,+,-,+,Expansion via External Capital
JSWENERGY,2024-09,-,-,-,Severe Cash Distress
JSWSTEEL,2013-03,+,-,-,Shareholder Returns
JSWSTEEL,2014-03,+,-,+,Expansion via External Capital
JSWSTEEL,2015-03,+,-,-,Shareholder Returns
JSWSTEEL,2016-03,+,-,-,Reinvestor
JSWSTEEL,2017-03,+,-,-,Shareholder Returns
JSWSTEEL,2018-03,+,-,-,Shareholder Returns
JSWSTEEL,2019-03,+,-,+,Expansion via External Capital
JSWSTEEL,2020-03,+,-,+,Expansion via External Capital
JSWSTEEL,2021-03,+,-,-,Shareholder Returns
JSWSTEEL,2022-03,+,-,-,Shareholder Returns
JSWSTEEL,2023-03,+,-,-,Shareholder Returns
JSWSTEEL,2024-03,+,-,-,Shareholder Returns
JSWSTEEL,2024-09,-,-,-,Severe Cash Distress
KOTAKBANK,2013-03,+,-,+,Expansion via External Capital
KOTAKBANK,2014-03,+,-,-,Shareholder Returns
KOTAKBANK,2015-03,+,-,+,Expansion via External Capital
KOTAKBANK,2016-03,+,-,+,Expansion via External Capital
KOTAKBANK,2017-03,+,-,+,Expansion via External Capital
KOTAKBANK,2018-03,-,-,+,High Growth / CapEx External Funding
KOTAKBANK,2019-03,+,-,+,Expansion via External Capital
KOTAKBANK,2020-03,+,-,-,Shareholder Returns
KOTAKBANK,2021-03,+,-,-,Reinvestor
KOTAKBANK,2022-03,+,-,+,Expansion via External Capital
KOTAKBANK,2023-03,-,-,+,High Growth / CapEx External Funding
KOTAKBANK,2024-03,+,-,+,Expansion via External Capital
LICI,2019-03,+,+,-,Asset Divestment & Debt Repayment
LICI,2020-03,+,-,-,Shareholder Returns
LICI,2021-03,+,+,-,Asset Divestment & Debt Repayment
LICI,2022-03,-,+,+,Asset Sale to Fund Operations
LICI,2023-03,+,-,-,Shareholder Returns
LICI,2024-03,+,-,-,Reinvestor
LICI,2024-09,-,-,-,Severe Cash Distress
LODHA,2011-03,-,-,-,Severe Cash Distress
LODHA,2012-03,-,-,-,Severe Cash Distress
LODHA,2015-03,-,-,-,Severe Cash Distress
LODHA,2016-03,+,-,+,Expansion via External Capital
LODHA,2017-03,+,-,-,Shareholder Returns
LODHA,2018-03,+,-,+,Expansion via External Capital
LODHA,2019-03,-,-,+,High Growth / CapEx External Funding
LODHA,2020-03,+,+,-,Asset Divestment & Debt Repayment
LODHA,2021-03,+,+,-,Asset Divestment & Debt Repayment
LODHA,2022-03,+,+,-,Asset Divestment & Debt Repayment
LODHA,2023-03,+,+,-,Asset Divestment & Debt Repayment
LODHA,2024-03,+,-,+,Expansion via External Capital
LODHA,2024-09,-,-,-,Severe Cash Distress
LT,2013-03,-,-,+,High Growth / CapEx External Funding
LT,2014-03,-,-,+,High Growth / CapEx External Funding
LT,2015-03,-,-,+,High Growth / CapEx External Funding
LT,2016-03,-,-,+,High Growth / CapEx External Funding
LT,2017-03,+,-,+,Expansion via External Capital
LT,2018-03,-,+,+,Asset Sale to Fund Operations
LT,2019-03,-,-,+,High Growth / CapEx External Funding
LT,2020-03,+,-,+,Expansion via External Capital
LT,2021-03,+,-,-,Shareholder Returns
LT,2022-03,+,-,-,Shareholder Returns
LT,2023-03,+,-,-,Shareholder Returns
LT,2024-03,+,+,-,Asset Divestment & Debt Repayment
LT,2024-09,-,-,-,Severe Cash Distress
LTIM,2013-03,+,-,-,Shareholder Returns
LTIM,2014-03,+,+,-,Asset Divestment & Debt Repayment
LTIM,2015-03,+,-,-,Reinvestor
LTIM,2016-03,+,-,-,Shareholder Returns
LTIM,2017-03,+,-,-,Shareholder Returns
LTIM,2018-03,+,-,-,Reinvestor
LTIM,2019-03,+,-,-,Reinvestor
LTIM,2020-03,+,-,-,Shareholder Returns
LTIM,2021-03,+,-,-,Shareholder Returns
LTIM,2022-03,+,-,-,Reinvestor
LTIM,2023-03,+,-,-,Reinvestor
LTIM,2024-03,+,-,-,Shareholder Returns
LTIM,2024-09,-,-,-,Severe Cash Distress
M&M,2013-03,-,-,+,High Growth / CapEx External Funding
M&M,2014-03,-,-,+,High Growth / CapEx External Funding
M&M,2015-03,+,-,+,Expansion via External Capital
M&M,2016-03,+,-,+,Expansion via External Capital
M&M,2017-03,+,-,+,Expansion via External Capital
M&M,2018-03,+,-,+,Expansion via External Capital
M&M,2019-03,-,-,+,High Growth / CapEx External Funding
M&M,2020-03,-,-,+,High Growth / CapEx External Funding
M&M,2021-03,+,-,+,Expansion via External Capital
M&M,2022-03,+,-,-,Shareholder Returns
M&M,2023-03,-,-,+,High Growth / CapEx External Funding
M&M,2024-03,-,-,+,High Growth / CapEx External Funding
M&M,2024-09,-,-,-,Severe Cash Distress
MARUTI,2013-03,+,-,-,Shareholder Returns
MARUTI,2014-03,+,-,-,Shareholder Returns
MARUTI,2015-03,+,-,-,Shareholder Returns
MARUTI,2016-03,+,-,-,Shareholder Returns
MARUTI,2017-03,+,-,-,Shareholder Returns
MARUTI,2018-03,+,-,-,Shareholder Returns
MARUTI,2019-03,+,-,-,Reinvestor
MARUTI,2020-03,+,-,-,Reinvestor
MARUTI,2021-03,+,-,-,Shareholder Returns
MARUTI,2022-03,+,-,-,Reinvestor
MARUTI,2023-03,+,-,-,Shareholder Returns
MARUTI,2024-03,+,-,-,Shareholder Returns
MARUTI,2024-09,-,-,-,Severe Cash Distress
MOTHERSON,2013-03,+,-,-,Shareholder Returns
MOTHERSON,2014-03,+,-,-,Shareholder Returns
MOTHERSON,2015-03,+,-,+,Expansion via External Capital
MOTHERSON,2016-03,+,-,-,Shareholder Returns
MOTHERSON,2017-03,+,-,+,Expansion via External Capital
MOTHERSON,2018-03,+,-,-,Shareholder Returns
MOTHERSON,2019-03,+,-,-,Shareholder Returns
MOTHERSON,2020-03,+,-,-,Shareholder Returns
MOTHERSON,2021-03,+,-,-,Shareholder Returns
MOTHERSON,2022-03,+,-,-,Shareholder Returns
MOTHERSON,2023-03,+,-,-,Shareholder Returns
MOTHERSON,2024-03,+,-,+,Expansion via External Capital
MOTHERSON,2024-09,-,-,-,Severe Cash Distress
NAUKRI,2013-03,+,-,-,Reinvestor
NAUKRI,2014-03,+,-,+,Expansion via External Capital
NAUKRI,2015-03,+,-,+,Expansion via External Capital
NAUKRI,2016-03,+,-,-,Reinvestor
NAUKRI,2017-03,+,-,-,Reinvestor
NAUKRI,2018-03,+,-,-,Reinvestor
NAUKRI,2019-03,+,-,-,Reinvestor
NAUKRI,2020-03,+,+,-,Asset Divestment & Debt Repayment
NAUKRI,2021-03,+,-,+,Expansion via External Capital
NAUKRI,2022-03,+,-,+,Expansion via External Capital
NAUKRI,2023-03,+,-,+,Expansion via External Capital
NAUKRI,2024-03,+,-,+,Expansion via External Capital
NAUKRI,2024-09,-,-,-,Severe Cash Distress
NESTLEIND,2013-12,+,-,-,Shareholder Returns
NESTLEIND,2014-12,+,-,-,Shareholder Returns
NESTLEIND,2015-12,+,-,-,Shareholder Returns
NESTLEIND,2016-12,+,-,-,Shareholder Returns
NESTLEIND,2017-12,+,-,-,Shareholder Returns
NESTLEIND,2018-12,+,-,-,Shareholder Returns
NESTLEIND,2019-12,+,+,-,Asset Divestment & Debt Repayment
NESTLEIND,2020-12,+,-,-,Shareholder Returns
NESTLEIND,2021-12,+,-,-,Shareholder Returns
NESTLEIND,2022-12,+,-,-,Shareholder Returns
NESTLEIND,2023-12,+,-,-,Shareholder Returns
NESTLEIND,2024-03,+,-,-,Shareholder Returns
NESTLEIND,2024-09,-,-,-,Severe Cash Distress
NHPC,2013-03,+,-,-,Reinvestor
NHPC,2014-03,+,-,-,Shareholder Returns
NHPC,2015-03,+,-,-,Shareholder Returns
NHPC,2016-03,+,-,-,Shareholder Returns
NHPC,2017-03,+,-,-,Shareholder Returns
NHPC,2018-03,+,-,-,Shareholder Returns
NHPC,2019-03,+,-,-,Shareholder Returns
NHPC,2020-03,+,-,+,Expansion via External Capital
NHPC,2021-03,+,-,-,Shareholder Returns
NHPC,2022-03,+,-,-,Shareholder Returns
NHPC,2023-03,+,-,-,Shareholder Returns
NHPC,2024-03,+,-,-,Shareholder Returns
NHPC,2024-09,-,-,-,Severe Cash Distress
NTPC,2013-03,+,-,+,Expansion via External Capital
NTPC,2014-03,+,-,-,Shareholder Returns
NTPC,2015-03,+,-,-,Shareholder Returns
NTPC,2016-03,+,-,-,Shareholder Returns
NTPC,2017-03,+,-,+,Expansion via External Capital
NTPC,2018-03,+,-,+,Expansion via External Capital
NTPC,2019-03,+,-,+,Expansion via External Capital
NTPC,2020-03,+,-,+,Expansion via External Capital
NTPC,2021-03,+,-,-,Shareholder Returns
NTPC,2022-03,+,-,-,Shareholder Returns
NTPC,2023-03,+,-,-,Shareholder Returns
NTPC,2024-03,+,-,-,Shareholder Returns
NTPC,2024-09,-,-,-,Severe Cash Distress
ONGC,2013-03,+,-,-,Shareholder Returns
ONGC,2014-03,+,-,+,Expansion via External Capital
ONGC,2015-03,+,-,-,Shareholder Returns
ONGC,2016-03,+,-,-,Shareholder Returns
ONGC,2017-03,+,-,-,Shareholder Returns
ONGC,2018-03,+,-,+,Expansion via External Capital
ONGC,2019-03,+,-,-,Shareholder Returns
ONGC,2020-03,+,-,-,Shareholder Returns
ONGC,2021-03,+,-,-,Shareholder Returns
ONGC,2022-03,+,-,-,Shareholder Returns
ONGC,2023-03,+,-,-,Shareholder Returns
ONGC,2024-03,+,-,-,Shareholder Returns
ONGC,2024-09,-,-,-,Severe Cash Distress
PFC,2013-03,-,+,+,Asset Sale to Fund Operations
PFC,2014-03,-,+,+,Asset Sale to Fund Operations
PFC,2015-03,-,-,+,High Growth / CapEx External Funding
PFC,2016-03,-,-,+,High Growth / CapEx External Funding
PFC,2017-03,+,-,+,Expansion via External Capital
PFC,2018-03,-,+,+,Asset Sale to Fund Operations
PFC,2019-03,-,-,+,High Growth / CapEx External Funding
PFC,2020-03,-,-,+,High Growth / CapEx External Funding
PFC,2021-03,-,+,+,Asset Sale to Fund Operations
PFC,2022-03,+,-,-,Reinvestor
PFC,2023-03,-,-,+,High Growth / CapEx External Funding
PFC,2024-03,-,-,+,High Growth / CapEx External Funding
PFC,2024-09,-,-,-,Severe Cash Distress
PIDILITIND,2013-03,+,-,-,Shareholder Returns
PIDILITIND,2014-03,+,-,-,Reinvestor
PIDILITIND,2015-03,+,-,-,Shareholder Returns
PIDILITIND,2016-03,+,-,-,Shareholder Returns
PIDILITIND,2017-03,+,-,+,Expansion via External Capital
PIDILITIND,2018-03,+,+,-,Asset Divestment & Debt Repayment
PIDILITIND,2019-03,+,-,-,Reinvestor
PIDILITIND,2020-03,+,+,-,Asset Divestment & Debt Repayment
PIDILITIND,2021-03,+,-,-,Shareholder Returns
PIDILITIND,2022-03,+,-,-,Reinvestor
PIDILITIND,2023-03,+,-,-,Shareholder Returns
PIDILITIND,2024-03,+,-,-,Shareholder Returns
PIDILITIND,2024-09,-,-,-,Severe Cash Distress
PNB,2013-03,-,-,-,Severe Cash Distress
PNB,2014-03,+,-,+,Expansion via External Capital
PNB,2015-03,+,-,+,Expansion via External Capital
PNB,2016-03,+,-,+,Expansion via External Capital
PNB,2017-03,+,+,-,Asset Divestment & Debt Repayment
PNB,2018-03,-,+,+,Asset Sale to Fund Operations
PNB,2019-03,-,-,+,High Growth / CapEx External Funding
PNB,2020-03,-,-,+,High Growth / CapEx External Funding
PNB,2021-03,+,-,+,Expansion via External Capital
PNB,2022-03,+,-,+,Expansion via External Capital
PNB,2023-03,+,-,+,Expansion via External Capital
PNB,2024-03,-,-,+,High Growth / CapEx External Funding
POWERGRID,2013-03,+,-,+,Expansion via External Capital
POWERGRID,2014-03,+,-,+,Expansion via External Capital
POWERGRID,2015-03,+,-,+,Expansion via External Capital
POWERGRID,2016-03,+,-,+,Expansion via External Capital
POWERGRID,2017-03,+,-,+,Expansion via External Capital
POWERGRID,2018-03,+,-,+,Expansion via External Capital
POWERGRID,2019-03,+,-,-,Shareholder Returns
POWERGRID,2020-03,+,-,-,Shareholder Returns
POWERGRID,2021-03,+,-,-,Shareholder Returns
POWERGRID,2022-03,+,+,-,Asset Divestment & Debt Repayment
POWERGRID,2023-03,+,-,-,Shareholder Returns
POWERGRID,2024-03,+,-,-,Shareholder Returns
POWERGRID,2024-09,-,-,-,Severe Cash Distress
RECLTD,2013-03,-,+,+,Asset Sale to Fund Operations
RECLTD,2014-03,-,+,+,Asset Sale to Fund Operations
RECLTD,2015-03,-,+,+,Asset Sale to Fund Operations
RECLTD,2016-03,-,-,+,High Growth / CapEx External Funding
RECLTD,2017-03,+,-,-,Shareholder Returns
RECLTD,2018-03,-,+,+,Asset Sale to Fund Operations
RECLTD,2019-03,-,+,+,Asset Sale to Fund Operations
RECLTD,2020-03,-,+,+,Asset Sale to Fund Operations
RECLTD,2021-03,-,+,+,Asset Sale to Fund Operations
RECLTD,2022-03,-,-,+,High Growth / CapEx External Funding
RECLTD,2023-03,-,-,+,High Growth / CapEx External Funding
RECLTD,2024-03,-,-,+,High Growth / CapEx External Funding
RECLTD,2024-09,-,-,-,Severe Cash Distress
RELIANCE,2013-03,+,-,+,Expansion via External Capital
RELIANCE,2014-03,+,-,+,Expansion via External Capital
RELIANCE,2015-03,+,-,+,Expansion via External Capital
RELIANCE,2016-03,+,-,-,Shareholder Returns
RELIANCE,2017-03,+,-,+,Expansion via External Capital
RELIANCE,2018-03,+,-,-,Shareholder Returns
RELIANCE,2019-03,+,-,+,Expansion via External Capital
RELIANCE,2020-03,+,-,-,Shareholder Returns
RELIANCE,2021-03,+,-,+,Expansion via External Capital
RELIANCE,2022-03,+,-,+,Expansion via External Capital
RELIANCE,2023-03,+,-,+,Expansion via External Capital
RELIANCE,2024-03,+,-,-,Shareholder Returns
RELIANCE,2024-09,-,-,-,Severe Cash Distress
SBILIFE,2013-03,+,-,-,Shareholder Returns
SBILIFE,2014-03,+,-,-,Reinvestor
SBILIFE,2015-03,+,-,-,Shareholder Returns
SBILIFE,2016-03,+,-,-,Shareholder Returns
SBILIFE,2017-03,+,-,-,Shareholder Returns
SBILIFE,2018-03,+,-,-,Shareholder Returns
SBILIFE,2019-03,+,-,-,Shareholder Returns
SBILIFE,2020-03,+,-,-,Shareholder Returns
SBILIFE,2021-03,+,-,+,Expansion via External Capital
SBILIFE,2022-03,+,-,-,Shareholder Returns
SBILIFE,2023-03,+,-,-,Shareholder Returns
SBILIFE,2024-03,+,-,-,Shareholder Returns
SBILIFE,2024-09,-,-,-,Severe Cash Distress
SBIN,2013-03,+,-,-,Shareholder Returns
SBIN,2014-03,+,-,+,Expansion via External Capital
SBIN,2015-03,+,-,-,Shareholder Returns
SBIN,2016-03,+,-,+,Expansion via External Capital
SBIN,2017-03,+,-,-,Reinvestor
SBIN,2018-03,-,+,+,Asset Sale to Fund Operations
SBIN,2019-03,+,+,+,Asset Liquidation & Capital Inflow
SBIN,2020-03,+,-,+,Expansion via External Capital
SBIN,2021-03,+,-,+,Expansion via External Capital
SBIN,2022-03,+,-,-,Shareholder Returns
SBIN,2023-03,-,-,+,High Growth / CapEx External Funding
SBIN,2024-03,+,-,-,Reinvestor
SHREECEM,2013-06,+,-,-,Shareholder Returns
SHREECEM,2014-06,+,-,-,Shareholder Returns
SHREECEM,2015-06,+,-,-,Shareholder Returns
SHREECEM,2016-03,+,-,-,Shareholder Returns
SHREECEM,2017-03,+,-,-,Shareholder Returns
SHREECEM,2018-03,+,-,+,Expansion via External Capital
SHREECEM,2019-03,+,-,-,Shareholder Returns
SHREECEM,2020-03,+,-,+,Expansion via External Capital
SHREECEM,2021-03,+,-,-,Shareholder Returns
SHREECEM,2022-03,+,-,-,Shareholder Returns
SHREECEM,2023-03,+,-,-,Shareholder Returns
SHREECEM,2024-03,+,-,-,Shareholder Returns
SHREECEM,2024-09,-,-,-,Severe Cash Distress
SHRIRAMFIN,2013-03,-,-,+,High Growth / CapEx External Funding
SHRIRAMFIN,2014-03,-,-,+,High Growth / CapEx External Funding
SHRIRAMFIN,2015-03,-,-,+,High Growth / CapEx External Funding
SHRIRAMFIN,2016-03,-,-,+,High Growth / CapEx External Funding
SHRIRAMFIN,2017-03,-,-,+,High Growth / CapEx External Funding
SHRIRAMFIN,2018-03,-,+,+,Asset Sale to Fund Operations
SHRIRAMFIN,2019-03,-,-,+,High Growth / CapEx External Funding
SHRIRAMFIN,2020-03,-,-,+,High Growth / CapEx External Funding
SHRIRAMFIN,2021-03,-,-,+,High Growth / CapEx External Funding
SHRIRAMFIN,2022-03,-,-,+,High Growth / CapEx External Funding
SHRIRAMFIN,2023-03,-,+,+,Asset Sale to Fund Operations
SHRIRAMFIN,2024-03,-,-,+,High Growth / CapEx External Funding
SHRIRAMFIN,2024-09,-,-,-,Severe Cash Distress
SIEMENS,2011-09,+,+,-,Asset Divestment & Debt Repayment
SIEMENS,2014-09,+,+,-,Asset Divestment & Debt Repayment
SIEMENS,2015-09,+,+,-,Asset Divestment & Debt Repayment
SIEMENS,2016-09,+,+,-,Asset Divestment & Debt Repayment
SIEMENS,2017-09,+,+,-,Asset Divestment & Debt Repayment
SIEMENS,2018-09,+,-,-,Reinvestor
SIEMENS,2019-09,+,-,-,Shareholder Returns
SIEMENS,2020-09,+,+,-,Asset Divestment & Debt Repayment
SIEMENS,2021-09,+,-,-,Shareholder Returns
SIEMENS,2022-09,+,-,-,Reinvestor
SIEMENS,2023-09,+,-,-,Reinvestor
SIEMENS,2024-09,+,-,-,Reinvestor
SUNPHARMA,2013-03,+,-,-,Reinvestor
SUNPHARMA,2014-03,+,-,+,Expansion via External Capital
SUNPHARMA,2015-03,+,-,-,Shareholder Returns
SUNPHARMA,2016-03,+,-,-,Shareholder Returns
SUNPHARMA,2017-03,+,-,-,Reinvestor
SUNPHARMA,2018-03,+,-,-,Shareholder Returns
SUNPHARMA,2019-03,+,-,-,Reinvestor
SUNPHARMA,2020-03,+,-,-,Shareholder Returns
SUNPHARMA,2021-03,+,+,-,Asset Divestment & Debt Repayment
SUNPHARMA,2022-03,+,-,-,Shareholder Returns
SUNPHARMA,2023-03,+,-,+,Expansion via External Capital
SUNPHARMA,2024-03,+,-,-,Shareholder Returns
SUNPHARMA,2024-09,-,-,-,Severe Cash Distress
TATACONSUM,2013-03,+,+,+,Asset Liquidation & Capital Inflow
TATACONSUM,2014-03,+,-,-,Reinvestor
TATACONSUM,2015-03,+,-,-,Shareholder Returns
TATACONSUM,2016-03,+,+,-,Asset Divestment & Debt Repayment
TATACONSUM,2017-03,+,+,-,Asset Divestment & Debt Repayment
TATACONSUM,2018-03,+,-,-,Reinvestor
TATACONSUM,2019-03,+,+,-,Asset Divestment & Debt Repayment
TATACONSUM,2020-03,+,-,-,Shareholder Returns
TATACONSUM,2021-03,+,-,-,Shareholder Returns
TATACONSUM,2022-03,+,-,-,Shareholder Returns
TATACONSUM,2023-03,+,-,-,Shareholder Returns
TATACONSUM,2024-03,+,-,+,Expansion via External Capital
TATACONSUM,2024-09,-,-,-,Severe Cash Distress
TATAMOTORS,2013-03,+,-,-,Shareholder Returns
TATAMOTORS,2014-03,+,-,-,Shareholder Returns
TATAMOTORS,2015-03,+,-,+,Expansion via External Capital
TATAMOTORS,2016-03,+,-,-,Shareholder Returns
TATAMOTORS,2017-03,+,-,+,Expansion via External Capital
TATAMOTORS,2018-03,+,-,+,Expansion via External Capital
TATAMOTORS,2019-03,+,-,+,Expansion via External Capital
TATAMOTORS,2020-03,+,-,+,Expansion via External Capital
TATAMOTORS,2021-03,+,-,+,Expansion via External Capital
TATAMOTORS,2022-03,+,-,-,Reinvestor
TATAMOTORS,2023-03,+,-,-,Shareholder Returns
TATAMOTORS,2024-03,+,-,-,Shareholder Returns
TATAMOTORS,2024-09,-,-,-,Severe Cash Distress
TATAPOWER,2013-03,+,-,-,Shareholder Returns
TATAPOWER,2014-03,+,-,-,Shareholder Returns
TATAPOWER,2015-03,+,-,-,Shareholder Returns
TATAPOWER,2016-03,+,-,-,Shareholder Returns
TATAPOWER,2017-03,+,-,+,Expansion via External Capital
TATAPOWER,2018-03,+,-,-,Shareholder Returns
TATAPOWER,2019-03,+,-,-,Shareholder Returns
TATAPOWER,2020-03,+,-,-,Shareholder Returns
TATAPOWER,2021-03,+,+,-,Asset Divestment & Debt Repayment
TATAPOWER,2022-03,+,-,-,Shareholder Returns
TATAPOWER,2023-03,+,-,+,Expansion via External Capital
TATAPOWER,2024-03,+,-,-,Shareholder Returns
TATAPOWER,2024-09,-,-,-,Severe Cash Distress
TATASTEEL,2013-03,+,-,-,Reinvestor
TATASTEEL,2014-03,+,-,+,Expansion via External Capital
TATASTEEL,2015-03,+,-,-,Reinvestor
TATASTEEL,2016-03,+,-,-,Reinvestor
TATASTEEL,2017-03,+,-,-,Reinvestor
TATASTEEL,2018-03,+,-,+,Expansion via External Capital
TATASTEEL,2019-03,+,-,-,Shareholder Returns
TATASTEEL,2020-03,+,-,-,Shareholder Returns
TATASTEEL,2021-03,+,-,-,Shareholder Returns
TATASTEEL,2022-03,+,-,-,Shareholder Returns
TATASTEEL,2023-03,+,-,-,Shareholder Returns
TATASTEEL,2024-03,+,-,-,Reinvestor
TATASTEEL,2024-09,-,-,-,Severe Cash Distress
TCS,2013-03,+,-,-,Reinvestor
TCS,2014-03,+,-,-,Reinvestor
TCS,2015-03,+,-,-,Reinvestor
TCS,2016-03,+,-,-,Reinvestor
TCS,2017-03,+,-,-,Reinvestor
TCS,2018-03,+,+,-,Asset Divestment & Debt Repayment
TCS,2019-03,+,+,-,Asset Divestment & Debt Repayment
TCS,2020-03,+,+,-,Asset Divestment & Debt Repayment
TCS,2021-03,+,-,-,Shareholder Returns
TCS,2022-03,+,-,-,Shareholder Returns
TCS,2023-03,+,+,-,Asset Divestment & Debt Repayment
TCS,2024-03,+,+,-,Asset Divestment & Debt Repayment
TCS,2024-09,-,-,-,Severe Cash Distress
TECHM,2013-03,+,-,+,Expansion via External Capital
TECHM,2014-03,+,+,-,Asset Divestment & Debt Repayment
TECHM,2015-03,+,-,-,Reinvestor
TECHM,2016-03,+,-,-,Shareholder Returns
TECHM,2017-03,+,-,-,Shareholder Returns
TECHM,2018-03,+,-,-,Reinvestor
TECHM,2019-03,+,-,-,Shareholder Returns
TECHM,2020-03,+,+,-,Asset Divestment & Debt Repayment
TECHM,2021-03,+,-,-,Shareholder Returns
TECHM,2022-03,+,+,-,Asset Divestment & Debt Repayment
TECHM,2023-03,+,-,-,Shareholder Returns
TECHM,2024-03,+,-,-,Shareholder Returns
TECHM,2024-09,-,-,-,Severe Cash Distress
TITAN,2013-03,+,-,-,Reinvestor
TITAN,2014-03,-,-,+,High Growth / CapEx External Funding
TITAN,2015-03,+,-,-,Reinvestor
TITAN,2016-03,+,-,-,Reinvestor
TITAN,2017-03,+,-,-,Shareholder Returns
TITAN,2018-03,-,+,-,Divestment to Pay Debt Under Stress
TITAN,2019-03,+,-,-,Reinvestor
TITAN,2020-03,-,+,-,Divestment to Pay Debt Under Stress
TITAN,2021-03,+,-,-,Shareholder Returns
TITAN,2022-03,-,+,-,Divestment to Pay Debt Under Stress
TITAN,2023-03,+,-,+,Expansion via External Capital
TITAN,2024-03,+,-,-,Reinvestor
TITAN,2024-09,-,-,-,Severe Cash Distress
TORNTPHARM,2013-03,+,-,+,Expansion via External Capital
TORNTPHARM,2014-03,+,-,+,Expansion via External Capital
TORNTPHARM,2015-03,+,-,+,Expansion via External Capital
TORNTPHARM,2016-03,+,-,-,Shareholder Returns
TORNTPHARM,2017-03,+,-,-,Shareholder Returns
TORNTPHARM,2018-03,+,-,+,Expansion via External Capital
TORNTPHARM,2019-03,+,-,-,Shareholder Returns
TORNTPHARM,2020-03,+,+,-,Asset Divestment & Debt Repayment
TORNTPHARM,2021-03,+,-,-,Shareholder Returns
TORNTPHARM,2022-03,+,-,-,Shareholder Returns
TORNTPHARM,2023-03,+,-,+,Expansion via External Capital
TORNTPHARM,2024-03,+,-,-,Shareholder Returns
TORNTPHARM,2024-09,-,-,-,Severe Cash Distress
TRENT,2013-03,+,-,+,Expansion via External Capital
TRENT,2014-03,-,-,-,Severe Cash Distress
TRENT,2015-03,-,-,+,High Growth / CapEx External Funding
TRENT,2016-03,+,-,-,Shareholder Returns
TRENT,2017-03,+,-,-,Shareholder Returns
TRENT,2018-03,+,-,-,Reinvestor
TRENT,2019-03,+,-,+,Expansion via External Capital
TRENT,2020-03,+,-,+,Expansion via External Capital
TRENT,2021-03,+,+,-,Asset Divestment & Debt Repayment
TRENT,2022-03,+,+,-,Asset Divestment & Debt Repayment
TRENT,2023-03,+,-,-,Shareholder Returns
TRENT,2024-03,+,-,-,Reinvestor
TRENT,2024-09,-,-,-,Severe Cash Distress
TVSMOTOR,2013-03,+,-,-,Shareholder Returns
TVSMOTOR,2014-03,+,-,-,Shareholder Returns
TVSMOTOR,2015-03,+,-,+,Expansion via External Capital
TVSMOTOR,2016-03,+,-,-,Shareholder Returns
TVSMOTOR,2017-03,+,-,-,Shareholder Returns
TVSMOTOR,2018-03,+,-,+,Expansion via External Capital
TVSMOTOR,2019-03,-,-,+,High Growth / CapEx External Funding
TVSMOTOR,2020-03,+,-,+,Expansion via External Capital
TVSMOTOR,2021-03,+,-,+,Expansion via External Capital
TVSMOTOR,2022-03,-,-,+,High Growth / CapEx External Funding
TVSMOTOR,2023-03,-,-,+,High Growth / CapEx External Funding
TVSMOTOR,2024-03,-,-,+,High Growth / CapEx External Funding
TVSMOTOR,2024-09,-,-,-,Severe Cash Distress
