company_id,company_name,broad_sector,cash_from_operations_cr,total_debt_cr,pattern_label
AXISBANK,Axis Bank Ltd,Financials,-5555.0,1295302.0,High Growth / CapEx External Funding
BAJAJFINSV,Bajaj Finserv Ltd,Financials,-68674.0,288933.0,High Growth / CapEx External Funding
BAJFINANCE,Bajaj Finance Ltd,Financials,-72760.0,293346.0,High Growth / CapEx External Funding
BANKBARODA,Bank of Baroda,Financials,-6274.0,1453761.0,High Growth / CapEx External Funding
BHEL,Bharat Heavy Electricals Limited,Industrials,-3713.0,8856.0,Asset Sale to Fund Operations
CHOLAFIN,Cholamandalam Investment & Finance Company Ltd,Financials,-35683.0,134475.0,High Growth / CapEx External Funding
GRASIM,Grasim Industries Ltd,Industrials,-10719.0,137155.0,High Growth / CapEx External Funding
M&M,Mahindra & Mahindra Ltd,Consumer Discretionary,-5630.0,108647.0,High Growth / CapEx External Funding
PFC,Power Finance Corporation Ltd,Financials,-97820.0,861961.0,High Growth / CapEx External Funding
PNB,Punjab National Bank,Financials,-27939.0,55017.0,High Growth / CapEx External Funding
RECLTD,REC Ltd,Financials,-57723.0,445568.0,High Growth / CapEx External Funding
SHRIRAMFIN,Shriram Finance Ltd,Financials,-31101.0,195496.0,High Growth / CapEx External Funding
TVSMOTOR,TVS Motor Company Ltd,Consumer Discretionary,-1253.0,26006.0,High Growth / CapEx External Funding
