table,rows_in,rows_out,rejected,timestamp,runtime_s
companies,92,92,0,2026-09-21T23:09:35.613412,0.307
profitandloss,1276,1073,203,2026-09-21T23:09:35.818708,0.205
balancesheet,1312,1140,172,2026-09-21T23:09:35.972167,0.153
cashflow,1187,1056,131,2026-09-21T23:09:36.077421,0.105
analysis,20,16,4,2026-09-21T23:09:36.086721,0.009
documents,1585,1457,128,2026-09-21T23:09:36.192943,0.106
prosandcons,16,14,2,2026-09-21T23:09:36.203354,0.01
sectors,92,92,0,2026-09-21T23:09:36.219859,0.017
stock_prices,5520,5520,0,2026-09-21T23:09:38.995173,2.775
market_cap,552,552,0,2026-09-21T23:09:39.155216,0.16
peer_groups,56,56,0,2026-09-21T23:09:39.182555,0.027
