metric,p10,p25,p50,p75,p90,mean,std
return_on_equity_pct,8.37,11.67,16.72,26.01,48.28,123.9,637.14
return_on_capital_pct,3.48,7.95,13.8,27.93,113.58,162.15,692.55
net_profit_margin_pct,4.62,7.25,14.21,20.35,29.24,20.02,45.18
operating_profit_margin_pct,9.87,16.05,26.0,43.03,84.0,34.98,27.53
debt_to_equity,0.01,0.06,0.43,1.59,6.45,1.67,2.86
interest_coverage,1.6,3.04,11.3,57.97,190.5,124.77,483.44
asset_turnover,0.07,0.21,0.68,1.13,1.66,3.5,15.85
revenue_cagr_5yr,5.84,8.44,11.84,17.19,21.09,12.96,7.37
pat_cagr_5yr,4.36,9.67,16.28,23.78,39.28,21.09,21.56
composite_score,36.99,48.15,55.1,65.2,73.86,55.72,15.27
