company_id,company_name,broad_sector,pe_ratio,sector_pe_median,valuation_badge,valuation_reason
ABB,Abbott India Ltd,Industrials,75.58,47.155,Caution (Overvalued),P/E 75.6x > 1.5x sector median (47.2x)
BAJAJFINSV,Bajaj Finserv Ltd,Financials,15.07,34.24,Discount (Undervalued),P/E 15.1x < 0.7x sector median (34.2x)
BAJFINANCE,Bajaj Finance Ltd,Financials,69.2,34.24,Caution (Overvalued),P/E 69.2x > 1.5x sector median (34.2x)
BANKBARODA,Bank of Baroda,Financials,16.89,34.24,Discount (Undervalued),P/E 16.9x < 0.7x sector median (34.2x)
BEL,Bharat Electronics Ltd,Industrials,17.89,47.155,Discount (Undervalued),P/E 17.9x < 0.7x sector median (47.2x)
BHEL,Bharat Heavy Electricals Limited,Industrials,29.8,47.155,Discount (Undervalued),P/E 29.8x < 0.7x sector median (47.2x)
BOSCHLTD,Bosch Ltd,Consumer Discretionary,58.43,38.005,Caution (Overvalued),P/E 58.4x > 1.5x sector median (38.0x)
BPCL,Bharat Petroleum Corporation Ltd,Energy,68.15,44.915,Caution (Overvalued),P/E 68.2x > 1.5x sector median (44.9x)
CHOLAFIN,Cholamandalam Investment & Finance Company Ltd,Financials,16.79,34.24,Discount (Undervalued),P/E 16.8x < 0.7x sector median (34.2x)
COALINDIA,Coal India Ltd,Materials,34.27,55.62,Discount (Undervalued),P/E 34.3x < 0.7x sector median (55.6x)
DMART,Avenue Supermarts Ltd,Consumer Discretionary,72.53,38.005,Caution (Overvalued),P/E 72.5x > 1.5x sector median (38.0x)
DRREDDY,Dr Reddys Laboratories Ltd,Healthcare,11.73,47.06,Discount (Undervalued),P/E 11.7x < 0.7x sector median (47.1x)
EICHERMOT,Eicher Motors Ltd,Consumer Discretionary,15.62,38.005,Discount (Undervalued),P/E 15.6x < 0.7x sector median (38.0x)
GAIL,GAIL (India) Ltd,Energy,25.84,44.915,Discount (Undervalued),P/E 25.8x < 0.7x sector median (44.9x)
GODREJCP,Godrej Consumer Products Ltd,Consumer Staples,33.59,50.95,Discount (Undervalued),P/E 33.6x < 0.7x sector median (51.0x)
GRASIM,Grasim Industries Ltd,Industrials,79.35,47.155,Caution (Overvalued),P/E 79.3x > 1.5x sector median (47.2x)
HAL,Hindustan Aeronautics Ltd,Industrials,71.89,47.155,Caution (Overvalued),P/E 71.9x > 1.5x sector median (47.2x)
HINDUNILVR,Hindustan Unilever Ltd,Consumer Staples,34.51,50.95,Discount (Undervalued),P/E 34.5x < 0.7x sector median (51.0x)
ICICIPRULI,ICICI Prudential Life Insurance Company Ltd,Financials,20.83,34.24,Discount (Undervalued),P/E 20.8x < 0.7x sector median (34.2x)
INDIGO,Interglobe Aviation Ltd,Consumer Discretionary,76.23,38.005,Caution (Overvalued),P/E 76.2x > 1.5x sector median (38.0x)
INDUSINDBK,IndusInd Bank Ltd,Financials,8.99,34.24,Discount (Undervalued),P/E 9.0x < 0.7x sector median (34.2x)
INFY,Infosys Ltd,Information Technology,35.99,63.63,Discount (Undervalued),P/E 36.0x < 0.7x sector median (63.6x)
IOC,Indian Oil Corporation,Energy,28.61,44.915,Discount (Undervalued),P/E 28.6x < 0.7x sector median (44.9x)
IRCTC,Indian Railway Catering & Tourism Corporation Ltd,Consumer Discretionary,60.44,38.005,Caution (Overvalued),P/E 60.4x > 1.5x sector median (38.0x)
IRFC,Indian Railway Finance Corporation Ltd,Financials,9.81,34.24,Discount (Undervalued),P/E 9.8x < 0.7x sector median (34.2x)
JSWENERGY,JSW Energy Ltd,Energy,24.79,44.915,Discount (Undervalued),P/E 24.8x < 0.7x sector median (44.9x)
LT,Larsen & Toubro Ltd,Industrials,30.8,47.155,Discount (Undervalued),P/E 30.8x < 0.7x sector median (47.2x)
M&M,Mahindra & Mahindra Ltd,Consumer Discretionary,14.22,38.005,Discount (Undervalued),P/E 14.2x < 0.7x sector median (38.0x)
MARUTI,Maruti Suzuki India Ltd,Consumer Discretionary,20.78,38.005,Discount (Undervalued),P/E 20.8x < 0.7x sector median (38.0x)
MOTHERSON,Samvardhana Motherson International Ltd,Consumer Discretionary,9.54,38.005,Discount (Undervalued),P/E 9.5x < 0.7x sector median (38.0x)
NAUKRI,Info Edge (India) Ltd,Communication Services,32.88,48.33,Discount (Undervalued),P/E 32.9x < 0.7x sector median (48.3x)
NHPC,NHPC Ltd,Energy,71.17,44.915,Caution (Overvalued),P/E 71.2x > 1.5x sector median (44.9x)
NTPC,NTPC Ltd,Energy,30.8,44.915,Discount (Undervalued),P/E 30.8x < 0.7x sector median (44.9x)
ONGC,Oil & Natural Gas Corpn Ltd,Energy,18.15,44.915,Discount (Undervalued),P/E 18.1x < 0.7x sector median (44.9x)
PIDILITIND,Pidilite Industries Ltd,Materials,36.12,55.62,Discount (Undervalued),P/E 36.1x < 0.7x sector median (55.6x)
PNB,Punjab National Bank,Financials,19.29,34.24,Discount (Undervalued),P/E 19.3x < 0.7x sector median (34.2x)
SBILIFE,SBI Life Insurance Company Ltd,Financials,69.98,34.24,Caution (Overvalued),P/E 70.0x > 1.5x sector median (34.2x)
SBIN,State Bank of India,Financials,54.93,34.24,Caution (Overvalued),P/E 54.9x > 1.5x sector median (34.2x)
SHREECEM,Shree Cement Ltd,Materials,25.87,55.62,Discount (Undervalued),P/E 25.9x < 0.7x sector median (55.6x)
SHRIRAMFIN,Shriram Finance Ltd,Financials,68.53,34.24,Caution (Overvalued),P/E 68.5x > 1.5x sector median (34.2x)
TATAMOTORS,Tata Motors Ltd,Consumer Discretionary,67.07,38.005,Caution (Overvalued),P/E 67.1x > 1.5x sector median (38.0x)
TATAPOWER,Tata Power Company Ltd,Energy,14.5,44.915,Discount (Undervalued),P/E 14.5x < 0.7x sector median (44.9x)
TITAN,Titan Company Ltd,Consumer Discretionary,10.13,38.005,Discount (Undervalued),P/E 10.1x < 0.7x sector median (38.0x)
TRENT,Trent Ltd,Consumer Discretionary,8.65,38.005,Discount (Undervalued),P/E 8.7x < 0.7x sector median (38.0x)
